domain,prompt,n_rows,layer,accuracy,auc,separability_auc
all,statement_is,528,0,0.475,0.48968750000000005,0.5103125
all,statement_is,528,1,0.5375,0.5332812499999999,0.5332812499999999
all,statement_is,528,2,0.5,0.5278124999999999,0.5278124999999999
all,statement_is,528,3,0.5125,0.54875,0.54875
all,statement_is,528,4,0.55,0.5798437500000001,0.5798437500000001
all,statement_is,528,5,0.55,0.6071874999999999,0.6071874999999999
all,statement_is,528,6,0.5375,0.6307812500000001,0.6307812500000001
all,statement_is,528,7,0.58125,0.6270312499999999,0.6270312499999999
all,statement_is,528,8,0.575,0.620625,0.620625
all,statement_is,528,9,0.58125,0.621328125,0.621328125
all,statement_is,528,10,0.5625,0.62890625,0.62890625
all,statement_is,528,11,0.59375,0.618515625,0.618515625
all,answer,528,0,0.4375,0.44171875,0.5582812500000001
all,answer,528,1,0.51875,0.51265625,0.51265625
all,answer,528,2,0.53125,0.53203125,0.53203125
all,answer,528,3,0.54375,0.54390625,0.54390625
all,answer,528,4,0.5375,0.58875,0.58875
all,answer,528,5,0.56875,0.5939062500000001,0.5939062500000001
all,answer,528,6,0.58125,0.6228125,0.6228125
all,answer,528,7,0.5875,0.6175,0.6175
all,answer,528,8,0.6,0.6259375,0.6259375
all,answer,528,9,0.575,0.62921875,0.62921875
all,answer,528,10,0.58125,0.6302343749999999,0.6302343749999999
all,answer,528,11,0.5625,0.6065625,0.6065625
all,question,528,0,0.43125,0.44890625,0.5510937499999999
all,question,528,1,0.525,0.5437500000000001,0.5437500000000001
all,question,528,2,0.56875,0.575,0.575
all,question,528,3,0.5625,0.55703125,0.55703125
all,question,528,4,0.56875,0.60421875,0.60421875
all,question,528,5,0.54375,0.6021875,0.6021875
all,question,528,6,0.59375,0.64578125,0.64578125
all,question,528,7,0.56875,0.646875,0.646875
all,question,528,8,0.5875,0.6534374999999999,0.6534374999999999
all,question,528,9,0.61875,0.64875,0.64875
all,question,528,10,0.56875,0.63109375,0.63109375
all,question,528,11,0.59375,0.616875,0.616875
capital,statement_is,152,0,0.391304347826087,0.33459357277882795,0.665406427221172
capital,statement_is,152,1,0.6739130434782609,0.6880907372400755,0.6880907372400755
capital,statement_is,152,2,0.6086956521739131,0.7013232514177694,0.7013232514177694
capital,statement_is,152,3,0.6956521739130435,0.7637051039697542,0.7637051039697542
capital,statement_is,152,4,0.782608695652174,0.8657844990548204,0.8657844990548204
capital,statement_is,152,5,0.8260869565217391,0.890359168241966,0.890359168241966
capital,statement_is,152,6,0.8043478260869565,0.9395085066162571,0.9395085066162571
capital,statement_is,152,7,0.8260869565217391,0.9357277882797732,0.9357277882797732
capital,statement_is,152,8,0.8260869565217391,0.8960302457466919,0.8960302457466919
capital,statement_is,152,9,0.8043478260869565,0.888468809073724,0.888468809073724
capital,statement_is,152,10,0.8478260869565217,0.892249527410208,0.892249527410208
capital,statement_is,152,11,0.8043478260869565,0.8601134215500945,0.8601134215500945
capital,answer,152,0,0.32608695652173914,0.27599243856332706,0.724007561436673
capital,answer,152,1,0.6086956521739131,0.6275992438563327,0.6275992438563327
capital,answer,152,2,0.6521739130434783,0.7693761814744802,0.7693761814744802
capital,answer,152,3,0.6739130434782609,0.771266540642722,0.771266540642722
capital,answer,152,4,0.8043478260869565,0.8941398865784499,0.8941398865784499
capital,answer,152,5,0.8478260869565217,0.941398865784499,0.941398865784499
capital,answer,152,6,0.8260869565217391,0.943289224952741,0.943289224952741
capital,answer,152,7,0.8478260869565217,0.9376181474480152,0.9376181474480152
capital,answer,152,8,0.8260869565217391,0.9527410207939508,0.9527410207939508
capital,answer,152,9,0.8043478260869565,0.9413988657844992,0.9413988657844992
capital,answer,152,10,0.8695652173913043,0.947069943289225,0.947069943289225
capital,answer,152,11,0.782608695652174,0.9017013232514177,0.9017013232514177
capital,question,152,0,0.3695652173913043,0.30812854442344045,0.6918714555765595
capital,question,152,1,0.6304347826086957,0.6502835538752363,0.6502835538752363
capital,question,152,2,0.717391304347826,0.7977315689981097,0.7977315689981097
capital,question,152,3,0.7391304347826086,0.8185255198487712,0.8185255198487712
capital,question,152,4,0.8478260869565217,0.8790170132325142,0.8790170132325142
capital,question,152,5,0.8478260869565217,0.8657844990548204,0.8657844990548204
capital,question,152,6,0.8043478260869565,0.9262759924385634,0.9262759924385634
capital,question,152,7,0.8043478260869565,0.9319470699432892,0.9319470699432892
capital,question,152,8,0.8043478260869565,0.9281663516068053,0.9281663516068053
capital,question,152,9,0.8260869565217391,0.9168241965973534,0.9168241965973534
capital,question,152,10,0.8260869565217391,0.9262759924385633,0.9262759924385633
capital,question,152,11,0.8695652173913043,0.888468809073724,0.888468809073724
continent,statement_is,86,0,0.6538461538461539,0.6213017751479291,0.6213017751479291
continent,statement_is,86,1,0.6923076923076923,0.6568047337278107,0.6568047337278107
continent,statement_is,86,2,0.5,0.5384615384615384,0.5384615384615384
continent,statement_is,86,3,0.5,0.6272189349112426,0.6272189349112426
continent,statement_is,86,4,0.6153846153846154,0.7455621301775148,0.7455621301775148
continent,statement_is,86,5,0.6153846153846154,0.7928994082840237,0.7928994082840237
continent,statement_is,86,6,0.6538461538461539,0.7692307692307692,0.7692307692307692
continent,statement_is,86,7,0.6153846153846154,0.7633136094674556,0.7633136094674556
continent,statement_is,86,8,0.6153846153846154,0.7396449704142012,0.7396449704142012
continent,statement_is,86,9,0.6538461538461539,0.7396449704142012,0.7396449704142012
continent,statement_is,86,10,0.6923076923076923,0.7573964497041421,0.7573964497041421
continent,statement_is,86,11,0.8076923076923077,0.846153846153846,0.846153846153846
continent,answer,86,0,0.6153846153846154,0.5621301775147929,0.5621301775147929
continent,answer,86,1,0.6153846153846154,0.6272189349112426,0.6272189349112426
continent,answer,86,2,0.5384615384615384,0.5680473372781065,0.5680473372781065
continent,answer,86,3,0.5,0.5976331360946745,0.5976331360946745
continent,answer,86,4,0.6538461538461539,0.7514792899408285,0.7514792899408285
continent,answer,86,5,0.6538461538461539,0.7869822485207101,0.7869822485207101
continent,answer,86,6,0.6923076923076923,0.7692307692307693,0.7692307692307693
continent,answer,86,7,0.6153846153846154,0.78698224852071,0.78698224852071
continent,answer,86,8,0.6538461538461539,0.7218934911242604,0.7218934911242604
continent,answer,86,9,0.6923076923076923,0.7278106508875739,0.7278106508875739
continent,answer,86,10,0.6923076923076923,0.757396449704142,0.757396449704142
continent,answer,86,11,0.7307692307692307,0.7810650887573964,0.7810650887573964
continent,question,86,0,0.4230769230769231,0.4970414201183432,0.5029585798816568
continent,question,86,1,0.6538461538461539,0.6923076923076923,0.6923076923076923
continent,question,86,2,0.5769230769230769,0.650887573964497,0.650887573964497
continent,question,86,3,0.6153846153846154,0.6745562130177515,0.6745562130177515
continent,question,86,4,0.6923076923076923,0.7218934911242604,0.7218934911242604
continent,question,86,5,0.6153846153846154,0.6745562130177515,0.6745562130177515
continent,question,86,6,0.5769230769230769,0.7278106508875739,0.7278106508875739
continent,question,86,7,0.5769230769230769,0.7218934911242604,0.7218934911242604
continent,question,86,8,0.5384615384615384,0.6923076923076923,0.6923076923076923
continent,question,86,9,0.6923076923076923,0.757396449704142,0.757396449704142
continent,question,86,10,0.6153846153846154,0.6863905325443788,0.6863905325443788
continent,question,86,11,0.5769230769230769,0.6923076923076923,0.6923076923076923
element_symbol,statement_is,80,0,0.25,0.25,0.75
element_symbol,statement_is,80,1,0.2916666666666667,0.2638888888888889,0.7361111111111112
element_symbol,statement_is,80,2,0.3333333333333333,0.2222222222222222,0.7777777777777778
element_symbol,statement_is,80,3,0.2916666666666667,0.20833333333333334,0.7916666666666666
element_symbol,statement_is,80,4,0.4583333333333333,0.4375,0.5625
element_symbol,statement_is,80,5,0.375,0.3402777777777778,0.6597222222222222
element_symbol,statement_is,80,6,0.5,0.5208333333333334,0.5208333333333334
element_symbol,statement_is,80,7,0.4583333333333333,0.5069444444444444,0.5069444444444444
element_symbol,statement_is,80,8,0.4583333333333333,0.3888888888888889,0.6111111111111112
element_symbol,statement_is,80,9,0.4583333333333333,0.4097222222222222,0.5902777777777778
element_symbol,statement_is,80,10,0.5,0.42361111111111116,0.5763888888888888
element_symbol,statement_is,80,11,0.4583333333333333,0.41666666666666663,0.5833333333333334
element_symbol,answer,80,0,0.25,0.25,0.75
element_symbol,answer,80,1,0.3333333333333333,0.3125,0.6875
element_symbol,answer,80,2,0.2916666666666667,0.2638888888888889,0.7361111111111112
element_symbol,answer,80,3,0.20833333333333334,0.18055555555555555,0.8194444444444444
element_symbol,answer,80,4,0.5,0.4305555555555556,0.5694444444444444
element_symbol,answer,80,5,0.4166666666666667,0.4027777777777778,0.5972222222222222
element_symbol,answer,80,6,0.4583333333333333,0.5347222222222222,0.5347222222222222
element_symbol,answer,80,7,0.4583333333333333,0.47916666666666663,0.5208333333333334
element_symbol,answer,80,8,0.5,0.4513888888888889,0.5486111111111112
element_symbol,answer,80,9,0.5,0.47916666666666663,0.5208333333333334
element_symbol,answer,80,10,0.4166666666666667,0.39583333333333337,0.6041666666666666
element_symbol,answer,80,11,0.4583333333333333,0.3680555555555556,0.6319444444444444
element_symbol,question,80,0,0.20833333333333334,0.2569444444444444,0.7430555555555556
element_symbol,question,80,1,0.2916666666666667,0.24305555555555555,0.7569444444444444
element_symbol,question,80,2,0.4166666666666667,0.2777777777777778,0.7222222222222222
element_symbol,question,80,3,0.2916666666666667,0.24305555555555555,0.7569444444444444
element_symbol,question,80,4,0.4583333333333333,0.44444444444444453,0.5555555555555555
element_symbol,question,80,5,0.4583333333333333,0.4027777777777778,0.5972222222222222
element_symbol,question,80,6,0.4583333333333333,0.5416666666666666,0.5416666666666666
element_symbol,question,80,7,0.5416666666666666,0.5416666666666667,0.5416666666666667
element_symbol,question,80,8,0.5416666666666666,0.48611111111111116,0.5138888888888888
element_symbol,question,80,9,0.5,0.4444444444444445,0.5555555555555556
element_symbol,question,80,10,0.4166666666666667,0.38888888888888895,0.611111111111111
element_symbol,question,80,11,0.4583333333333333,0.3472222222222222,0.6527777777777778
book_author,statement_is,60,0,0.3888888888888889,0.40740740740740744,0.5925925925925926
book_author,statement_is,60,1,0.4444444444444444,0.32098765432098764,0.6790123456790124
book_author,statement_is,60,2,0.3888888888888889,0.2962962962962963,0.7037037037037037
book_author,statement_is,60,3,0.3333333333333333,0.32098765432098764,0.6790123456790124
book_author,statement_is,60,4,0.5,0.2962962962962963,0.7037037037037037
book_author,statement_is,60,5,0.3333333333333333,0.23456790123456792,0.7654320987654321
book_author,statement_is,60,6,0.3888888888888889,0.2716049382716049,0.7283950617283951
book_author,statement_is,60,7,0.3888888888888889,0.271604938271605,0.728395061728395
book_author,statement_is,60,8,0.3333333333333333,0.25925925925925924,0.7407407407407407
book_author,statement_is,60,9,0.3888888888888889,0.2839506172839506,0.7160493827160495
book_author,statement_is,60,10,0.2777777777777778,0.2592592592592593,0.7407407407407407
book_author,statement_is,60,11,0.3333333333333333,0.2962962962962963,0.7037037037037037
book_author,answer,60,0,0.3888888888888889,0.43209876543209874,0.5679012345679013
book_author,answer,60,1,0.3888888888888889,0.3209876543209877,0.6790123456790123
book_author,answer,60,2,0.3888888888888889,0.2962962962962963,0.7037037037037037
book_author,answer,60,3,0.4444444444444444,0.37037037037037035,0.6296296296296297
book_author,answer,60,4,0.5,0.38271604938271603,0.617283950617284
book_author,answer,60,5,0.3888888888888889,0.33333333333333337,0.6666666666666666
book_author,answer,60,6,0.4444444444444444,0.30864197530864196,0.691358024691358
book_author,answer,60,7,0.4444444444444444,0.33333333333333337,0.6666666666666666
book_author,answer,60,8,0.3333333333333333,0.29629629629629634,0.7037037037037037
book_author,answer,60,9,0.3888888888888889,0.2716049382716049,0.7283950617283951
book_author,answer,60,10,0.3888888888888889,0.2962962962962963,0.7037037037037037
book_author,answer,60,11,0.2777777777777778,0.20987654320987653,0.7901234567901234
book_author,question,60,0,0.3888888888888889,0.3950617283950617,0.6049382716049383
book_author,question,60,1,0.3888888888888889,0.4074074074074074,0.5925925925925926
book_author,question,60,2,0.3333333333333333,0.4074074074074074,0.5925925925925926
book_author,question,60,3,0.3333333333333333,0.3209876543209877,0.6790123456790123
book_author,question,60,4,0.3333333333333333,0.39506172839506176,0.6049382716049383
book_author,question,60,5,0.3888888888888889,0.33333333333333337,0.6666666666666666
book_author,question,60,6,0.2777777777777778,0.25925925925925924,0.7407407407407407
book_author,question,60,7,0.4444444444444444,0.2962962962962963,0.7037037037037037
book_author,question,60,8,0.3888888888888889,0.345679012345679,0.654320987654321
book_author,question,60,9,0.3888888888888889,0.28395061728395066,0.7160493827160493
book_author,question,60,10,0.3888888888888889,0.2962962962962963,0.7037037037037037
book_author,question,60,11,0.2777777777777778,0.2345679012345679,0.7654320987654322
landmark_country,statement_is,60,0,0.5,0.4938271604938272,0.5061728395061729
landmark_country,statement_is,60,1,0.4444444444444444,0.4444444444444445,0.5555555555555556
landmark_country,statement_is,60,2,0.4444444444444444,0.4691358024691358,0.5308641975308642
landmark_country,statement_is,60,3,0.6666666666666666,0.5679012345679013,0.5679012345679013
landmark_country,statement_is,60,4,0.6111111111111112,0.6790123456790124,0.6790123456790124
landmark_country,statement_is,60,5,0.6111111111111112,0.7407407407407407,0.7407407407407407
landmark_country,statement_is,60,6,0.6111111111111112,0.7160493827160495,0.7160493827160495
landmark_country,statement_is,60,7,0.6666666666666666,0.7901234567901234,0.7901234567901234
landmark_country,statement_is,60,8,0.7222222222222222,0.7901234567901235,0.7901234567901235
landmark_country,statement_is,60,9,0.7777777777777778,0.8148148148148148,0.8148148148148148
landmark_country,statement_is,60,10,0.6666666666666666,0.7407407407407409,0.7407407407407409
landmark_country,statement_is,60,11,0.6111111111111112,0.7407407407407407,0.7407407407407407
landmark_country,answer,60,0,0.5,0.5925925925925926,0.5925925925925926
landmark_country,answer,60,1,0.3333333333333333,0.41975308641975306,0.5802469135802469
landmark_country,answer,60,2,0.5,0.4444444444444444,0.5555555555555556
landmark_country,answer,60,3,0.5555555555555556,0.4814814814814815,0.5185185185185185
landmark_country,answer,60,4,0.5555555555555556,0.6790123456790124,0.6790123456790124
landmark_country,answer,60,5,0.7222222222222222,0.7037037037037037,0.7037037037037037
landmark_country,answer,60,6,0.6666666666666666,0.691358024691358,0.691358024691358
landmark_country,answer,60,7,0.6111111111111112,0.5925925925925926,0.5925925925925926
landmark_country,answer,60,8,0.5555555555555556,0.6296296296296298,0.6296296296296298
landmark_country,answer,60,9,0.6111111111111112,0.6296296296296297,0.6296296296296297
landmark_country,answer,60,10,0.6111111111111112,0.6172839506172839,0.6172839506172839
landmark_country,answer,60,11,0.6111111111111112,0.5925925925925926,0.5925925925925926
landmark_country,question,60,0,0.5555555555555556,0.617283950617284,0.617283950617284
landmark_country,question,60,1,0.4444444444444444,0.4938271604938272,0.5061728395061729
landmark_country,question,60,2,0.5555555555555556,0.5308641975308642,0.5308641975308642
landmark_country,question,60,3,0.5,0.5061728395061729,0.5061728395061729
landmark_country,question,60,4,0.6666666666666666,0.6666666666666667,0.6666666666666667
landmark_country,question,60,5,0.6111111111111112,0.6666666666666667,0.6666666666666667
landmark_country,question,60,6,0.5555555555555556,0.691358024691358,0.691358024691358
landmark_country,question,60,7,0.6111111111111112,0.6913580246913581,0.6913580246913581
landmark_country,question,60,8,0.6666666666666666,0.6666666666666667,0.6666666666666667
landmark_country,question,60,9,0.6666666666666666,0.6296296296296297,0.6296296296296297
landmark_country,question,60,10,0.6666666666666666,0.6358024691358025,0.6358024691358025
landmark_country,question,60,11,0.6666666666666666,0.6666666666666666,0.6666666666666666
science,statement_is,50,0,0.375,0.40625,0.59375
science,statement_is,50,1,0.375,0.453125,0.546875
science,statement_is,50,2,0.5625,0.453125,0.546875
science,statement_is,50,3,0.375,0.484375,0.515625
science,statement_is,50,4,0.5625,0.53125,0.53125
science,statement_is,50,5,0.4375,0.390625,0.609375
science,statement_is,50,6,0.3125,0.453125,0.546875
science,statement_is,50,7,0.4375,0.453125,0.546875
science,statement_is,50,8,0.375,0.421875,0.578125
science,statement_is,50,9,0.3125,0.375,0.625
science,statement_is,50,10,0.375,0.390625,0.609375
science,statement_is,50,11,0.4375,0.421875,0.578125
science,answer,50,0,0.375,0.421875,0.578125
science,answer,50,1,0.5,0.5,0.5
science,answer,50,2,0.4375,0.5,0.5
science,answer,50,3,0.375,0.390625,0.609375
science,answer,50,4,0.4375,0.5,0.5
science,answer,50,5,0.4375,0.5,0.5
science,answer,50,6,0.3125,0.40625,0.59375
science,answer,50,7,0.3125,0.46875,0.53125
science,answer,50,8,0.4375,0.4375,0.5625
science,answer,50,9,0.4375,0.453125,0.546875
science,answer,50,10,0.4375,0.46875,0.53125
science,answer,50,11,0.375,0.46875,0.53125
science,question,50,0,0.4375,0.453125,0.546875
science,question,50,1,0.375,0.40625,0.59375
science,question,50,2,0.5,0.484375,0.515625
science,question,50,3,0.4375,0.53125,0.53125
science,question,50,4,0.375,0.46875,0.53125
science,question,50,5,0.5,0.40625,0.59375
science,question,50,6,0.4375,0.453125,0.546875
science,question,50,7,0.5,0.453125,0.546875
science,question,50,8,0.4375,0.5,0.5
science,question,50,9,0.5,0.40625,0.59375
science,question,50,10,0.375,0.40625,0.59375
science,question,50,11,0.375,0.421875,0.578125
math,statement_is,40,0,0.5,0.5833333333333335,0.5833333333333335
math,statement_is,40,1,0.5,0.6111111111111112,0.6111111111111112
math,statement_is,40,2,0.5,0.5833333333333334,0.5833333333333334
math,statement_is,40,3,0.5,0.5,0.5
math,statement_is,40,4,0.5,0.4444444444444444,0.5555555555555556
math,statement_is,40,5,0.5,0.5555555555555556,0.5555555555555556
math,statement_is,40,6,0.5,0.5277777777777778,0.5277777777777778
math,statement_is,40,7,0.5,0.5277777777777778,0.5277777777777778
math,statement_is,40,8,0.5,0.5000000000000001,0.5000000000000001
math,statement_is,40,9,0.5,0.5000000000000001,0.5000000000000001
math,statement_is,40,10,0.5,0.4722222222222222,0.5277777777777778
math,statement_is,40,11,0.5,0.5277777777777779,0.5277777777777779
math,answer,40,0,0.5,0.5833333333333334,0.5833333333333334
math,answer,40,1,0.5,0.6111111111111112,0.6111111111111112
math,answer,40,2,0.5,0.6111111111111112,0.6111111111111112
math,answer,40,3,0.4166666666666667,0.5833333333333333,0.5833333333333333
math,answer,40,4,0.4166666666666667,0.5,0.5
math,answer,40,5,0.5,0.5,0.5
math,answer,40,6,0.5,0.5555555555555556,0.5555555555555556
math,answer,40,7,0.5,0.5277777777777778,0.5277777777777778
math,answer,40,8,0.5,0.5277777777777778,0.5277777777777778
math,answer,40,9,0.5,0.5277777777777778,0.5277777777777778
math,answer,40,10,0.5,0.5833333333333333,0.5833333333333333
math,answer,40,11,0.5,0.5277777777777778,0.5277777777777778
math,question,40,0,0.5,0.5,0.5
math,question,40,1,0.5,0.5277777777777778,0.5277777777777778
math,question,40,2,0.4166666666666667,0.5555555555555556,0.5555555555555556
math,question,40,3,0.5833333333333334,0.5555555555555556,0.5555555555555556
math,question,40,4,0.5,0.4722222222222223,0.5277777777777777
math,question,40,5,0.5,0.5277777777777778,0.5277777777777778
math,question,40,6,0.5,0.5555555555555555,0.5555555555555555
math,question,40,7,0.5833333333333334,0.5555555555555556,0.5555555555555556
math,question,40,8,0.5,0.5000000000000001,0.5000000000000001
math,question,40,9,0.5,0.5,0.5
math,question,40,10,0.5,0.5833333333333334,0.5833333333333334
math,question,40,11,0.5,0.5,0.5
