direction_method,layer,seed,train_rows,test_rows,split,threshold_source,alpha,mean_logit_diff_true_minus_false,mean_logit_diff_on_true_examples,mean_logit_diff_on_false_examples,std_logit_diff,accuracy_from_logit_sign,mean_probe_score,mean_probe_score_on_true_examples,mean_probe_score_on_false_examples,probe_score_threshold,accuracy_from_probe_score_threshold
probe,8,42,106,46,group,train_midpoint,-8.0,1.6023681163787842,1.5759183168411255,1.6288176774978638,0.20559050142765045,0.5,-9.559741020202637,-9.273263931274414,-9.846219062805176,-1.6080493927001953,0.5
probe,8,42,106,46,group,train_midpoint,-4.0,1.5708024501800537,1.5449846982955933,1.5966203212738037,0.20177961885929108,0.5,-5.559741497039795,-5.273265838623047,-5.846218585968018,-1.6080493927001953,0.5217391304347826
probe,8,42,106,46,group,train_midpoint,-2.0,1.5550200939178467,1.5295326709747314,1.5805071592330933,0.19976578652858734,0.5,-3.559741497039795,-3.2732653617858887,-3.8462183475494385,-1.6080493927001953,0.5217391304347826
probe,8,42,106,46,group,train_midpoint,-1.0,1.5471267700195312,1.5218086242675781,1.572445034980774,0.19873374700546265,0.5,-2.559741973876953,-2.2732653617858887,-2.8462183475494385,-1.6080493927001953,0.5217391304347826
probe,8,42,106,46,group,train_midpoint,0.0,1.5392316579818726,1.514083981513977,1.5643794536590576,0.1976863145828247,0.5,-1.5597418546676636,-1.2732652425765991,-1.846218228340149,-1.6080493927001953,0.8260869565217391
probe,8,42,106,46,group,train_midpoint,1.0,1.531334638595581,1.5063594579696655,1.5563095808029175,0.19662386178970337,0.5,-0.5597417950630188,-0.2732652723789215,-0.8462183475494385,-1.6080493927001953,0.5
probe,8,42,106,46,group,train_midpoint,2.0,1.5234346389770508,1.498633861541748,1.5482351779937744,0.1955467164516449,0.5,0.4402582347393036,0.7267347574234009,0.15378166735172272,-1.6080493927001953,0.5
probe,8,42,106,46,group,train_midpoint,4.0,1.5076247453689575,1.4831773042678833,1.5320719480514526,0.19335469603538513,0.5,2.440258026123047,2.7267346382141113,2.1537816524505615,-1.6080493927001953,0.5
probe,8,42,106,46,group,train_midpoint,8.0,1.4759575128555298,1.4522336721420288,1.4996812343597412,0.18883594870567322,0.5,6.440258026123047,6.7267351150512695,6.153781414031982,-1.6080493927001953,0.5
